{"model_no_hook": {"safe": 15, "unsafe": 29, "attack_rate": 0.6590909090909091}, "model_with_hook": {"safe": 18, "unsafe": 26, "attack_rate": 0.5909090909090909}}